Model,Accuracy,Precision,Recall,F1 Score,ROC-AUC
Logistic_Regression,0.9950248756218906,1.0,0.9903846153846154,0.9951690821256038,0.999724645343202
