Model,Accuracy,Precision,Recall,F1 Score,ROC-AUC
Random_Forest,0.9933665008291874,1.0,0.9871794871794872,0.9935483870967742,0.9999779716274562
