Model,Accuracy,Precision,Recall,F1 Score,ROC-AUC
Stacking_Ensemble,0.9950248756218906,1.0,0.9903846153846154,0.9951690821256038,0.9997466737157459
